message,label
"you are sweet as well, princess. Please tell me your likes and dislikes in bed...",not_spam
Ok,not_spam
Do not ignore this message; action is required immediately.,spam
Boo. How's things? I'm back at home and a little bored already :-(,not_spam
Your device may be infected. Install this security update.,spam
"I'm eatin now lor, but goin back to work soon... E mountain deer show huh... I watch b4 liao, very nice...",not_spam
PRIVATE! Your 2003 Account Statement for 078,spam
Free video camera phones with Half Price line rental for 12 mths and 500 cross ntwk mins 100 txts. Call MobileUpd8 08001950382 or Call2OptOut/674,spam
"We are hoping to get away by 7, from Langport. You still up for town tonight?",not_spam
RGENT! This is the 2nd attempt to contact U!U have WON å£1250 CALL 09071512433 b4 050703 T&CsBCM4235WC1N3XX. callcost 150ppm mobilesvary. maxå£7. 50,spam
Click to see who viewed your profile.,spam
SMS SERVICES For your inclusive text credits pls gotto www.comuk.net login 3qxj9 unsubscribe with STOP no extra charge help 08702840625 comuk.220cm2 9AE,spam
"They said if its gonna snow, it will start around 8 or 9 pm tonite! They are predicting an inch of accumulation.",not_spam
Guaranteed acceptance for a personal loan.,spam
Had your mobile 10 mths? Update to latest Orange camera/video phones for FREE. Save å£s with Free texts/weekend calls. Text YES for a callback orno to opt out,spam
FreeMsg: Fancy a flirt? Reply DATE now & join the UKs fastest growing mobile dating service. Msgs rcvd just 25p to optout txt stop to 83021. Reply DATE now!,spam
Ur cash-balance is currently 500 pounds - to maximize ur cash-in now send GO to 86688 only 150p/msg. CC 08718720201 HG/Suite342/2Lands Row/W1J6HL,spam
"For ur chance to win å£250 cash every wk TXT: PLAY to 83370. T's&C's www.music-trivia.net custcare 08715705022, 1x150p/wk.",spam
Nope wif my sis lor... Aft bathing my dog then i can bathe... Looks like it's going 2 rain soon.,not_spam
If you were/are free i can give. Otherwise nalla adi entey nattil kittum,not_spam
Sounds like a plan! Cardiff is still here and still cold! I'm sitting on the radiator!,not_spam
"Sir, I have been late in paying rent for the past few months and had to pay a $ &lt;#&gt;  charge. I felt it would be inconsiderate of me to nag about something you give at great cost to yourself and that's why i didnt speak up. I however am in a recession and wont be able to pay the charge this month hence my askin well ahead of month's end. Can you please help. Thanks",not_spam
Is ur lecture over?,not_spam
&lt;#&gt; ISH MINUTES WAS 5 MINUTES AGO. WTF.,not_spam
important information 4 orange user . today is your lucky day!2find out why log onto http://www.urawinner.com THERE'S A FANTASTIC SURPRISE AWAITING YOU!,spam
Hot singles in your area want to meet you now.,spam
URGENT! Your Mobile number has been awarded a <UKP>2000 prize GUARANTEED. Call 09061790125 from landline. Claim 3030. Valid 12hrs only 150ppm,spam
"K I'll head out in a few mins, see you there",not_spam
Ok lor... Or u wan me go look 4 u?,not_spam
What year. And how many miles.,not_spam
You have won a Nokia 7250i. This is what you get when you win our FREE auction. To take part send Nokia to 86021 now. HG/Suite342/2Lands Row/W1JHL 16+,spam
Free antivirus download available now.,spam
Shall i send that exe to your mail id.,not_spam
Want explicit SEX in 30 secs? Ring 02073162414 now! Costs 20p/min,spam
Unlock premium movies free for 30 days.,spam
Reply STOP to unsubscribe from amazing offers.,spam
"K, wait chikku..il send aftr  &lt;#&gt; mins",not_spam
"Fantasy Football is back on your TV. Go to Sky Gamestar on Sky Active and play å£250k Dream Team. Scoring starts on Saturday, so register now!SKY OPT OUT to 88088",spam
Hey darlin.. i can pick u up at college if u tell me wen & where 2 mt.. love Pete xx,not_spam
"Single line with a big meaning::::: \Miss anything 4 ur \""Best Life\"" but",not_spam
Please reply when you have a minute.,not_spam
"Double mins and txts 4 6months FREE Bluetooth on Orange. Available on Sony, Nokia Motorola phones. Call MobileUpd8 on 08000839402 or call2optout/N9DX",spam
We found your missing water bottle in the gym.,not_spam
You are a winner U have been specially selected 2 receive å£1000 or a 4* holiday (flights inc) speak to a live operator 2 claim 0871277810910p/min (18+),spam
Dear :-/ why you mood off. I cant drive so i brother to drive,not_spam
Dad went out oredi... ,not_spam
"1000's flirting NOW! Txt GIRL or BLOKE & ur NAME & AGE, eg GIRL ZOE 18 to 8007 to join and get chatting!",spam
Tell me something. Thats okay.,not_spam
Going on nothing great.bye,not_spam
Congrats kano..whr s the treat maga?,not_spam
"our mobile number has won å£5000, to claim calls us back or ring the claims hot line on 09050005321.",spam
Can you call me when you get home?,not_spam
tap & spile at seven. * Is that pub on gas st off broad st by canal. Ok?,not_spam
Ringtone Club: Get the UK singles chart on your mobile each week and choose any top quality ringtone! This message is free of charge.,spam
Our brand new mobile music service is now live. The free music player will arrive shortly. Just install on your phone to browse content from the top artists.,spam
HMV BONUS SPECIAL 500 pounds of genuine HMV vouchers to be won. Just answer 4 easy questions. Play Now! Send HMV to 86688 More info:www.100percent-real.com,spam
"FreeMsg Hey U, i just got 1 of these video/pic fones, reply WILD to this txt & ill send U my pics, hurry up Im so bored at work xxx (18 150p/rcvd STOP2stop)",spam
"BangBabes Ur order is on the way. U SHOULD receive a Service Msg 2 download UR content. If U do not, GoTo wap. bangb. tv on UR mobile internet/service menu",spam
I saved you a seat in the lecture hall.,not_spam
The store offered a deal on the supplies we need.,not_spam
Panasonic & BluetoothHdset FREE. Nokia FREE. Motorola FREE & DoubleMins & DoubleTxt on Orange contract. Call MobileUpd8 on 08000839402 or call 2optout,spam
"Hmph. Go head, big baller.",not_spam
Dude avatar 3d was imp. At one point i thought there were actually flies in the room and almost tried hittng one as a reflex,not_spam
Sunshine Quiz Wkly Q! Win a top Sony DVD player if u know which country Liverpool played in mid week? Txt ansr to 82277. å£1.50 SP:Tyrone,spam
ASKED 3MOBILE IF 0870 CHATLINES INCLU IN FREE MINS. INDIA CUST SERVs SED YES. L8ER GOT MEGA BILL. 3 DONT GIV A SHIT. BAILIFF DUE IN DAYS. I O å£250 3 WANT å£800,spam
it to 80488. Your 500 free text messages are valid until 31 December 2005.,spam
Free crypto giveaway! Connect your wallet to claim.,spam
Home so we can always chat,not_spam
"England v Macedonia - dont miss the goals/team news. Txt ur national team to 87077 eg ENGLAND to 87077 Try:WALES, SCOTLAND 4txt/Ì¼1.20 POBOXox36504W45WQ 16+",spam
Your sweepstakes entry is a winner.,spam
"Wow ... I love you sooo much, you know ? I can barely stand it ! I wonder how your day goes and if you are well, my love ... I think of you and miss you",not_spam
The workshop starts in ten minutes.,not_spam
Holy living christ what is taking you so long,not_spam
You were chosen for a special government grant.,spam
Your payment failed. Update your card at this link.,spam
Your library hold is ready to collect.,not_spam
"January Male Sale! Hot Gay chat now cheaper, call 08709222922. National rate from 1.5p/min cheap to 7.8p/min peak! To stop texts call 08712460324 (10p/min)",spam
PRIVATE! Your 2004 Account Statement for 078498****7 shows 786 unredeemed Bonus Points. To claim call 08719180219 Identifier Code: 45239 Expires 06.05.05,spam
Can i meet Ì_ at 5.. As 4 where depends on where Ì_ wan 2 in lor..,not_spam
So wats ur opinion abt him and how abt is character?,not_spam
"FREE MESSAGE Activate your 500 FREE Text Messages by replying to this message with the word FREE For terms & conditions, visit www.07781482378.com",spam
We have a special offer on coffee for club members.,not_spam
A payment is waiting for you. Verify your identity.,spam
We need to confirm your details before sending your prize.,spam
Noice. Text me when you're here,not_spam
"If you want to mapquest it or something look up \usf dogwood drive\""",not_spam
So how are you really. What are you up to. How's the masters. And so on.,not_spam
* FREE* POLYPHONIC RINGTONE Text SUPER to 87131 to get your FREE POLY TONE of the week now! 16 SN PoBox202 NR31 7ZS subscription 450pw,spam
2p per min to call Germany 08448350055 from your BT line. Just 2p per min. Check PlanetTalkInstant.com for info & T's & C's. Text stop to opt out,spam
Download this app to receive your prize.,spam
Kinda. First one gets in at twelve! Aah. Speak tomo,not_spam
Dont hesitate. You know this is the second time she has had weakness like that. So keep i notebook of what she eat and did the day before or if anything changed the day before so that we can be sure its nothing,not_spam
Hello. We need some posh birds and chaps to user trial prods for champneys. Can i put you down? I need your address and dob asap. Ta r,spam
"Hack Chat. Get backdoor entry into 121 chat rooms at a fraction of the cost. Reply NEO69 or call 09050280520, to subscribe 25p pm. DPS, Bcm box 8027 Ldn, wc1n3xx",spam
"\HEY DAS COOL... IKNOW ALL 2 WELLDA PERIL OF STUDENTFINANCIAL CRISIS!SPK 2 U L8R.\""""",not_spam
"Yes but i dont care! I need you bad, princess!",not_spam
Then ur physics get a-?,not_spam
Hope you are having a great day.,not_spam
Important: your subscription will renew unless you cancel here.,spam
I hope you know I'm still mad at you.,not_spam
My flight arrives at 8:15 on Saturday.,not_spam
"Win the newest ÛÏHarry Potter and the Order of the Phoenix (Book 5) reply HARRY, answer 5 questions - chance to be the first among readers!",spam
You have an unclaimed balance. Sign in now.,spam
I found a good deal on train tickets for the trip.,not_spam
Win a new car by completing a short survey.,spam
"You can stop further club tones by replying \STOP MIX\"" See my-tone.com/enjoy. html for terms. Club tones cost GBP4.50/week. MFL",spam
Email AlertFrom: Jeri StewartSize: 2KBSubject: Low-cost prescripiton drvgsTo listen to email call 123,spam
U too...,not_spam
08714712388 between 10am-7pm Cost 10p,spam
T-Mobile customer you may now claim your FREE CAMERA PHONE upgrade & a pay & go sim card for your loyalty. Call on 0845 021 3680.Offer ends 28thFeb.T&C's apply,spam
"Congratulations - Thanks to a good friend U have WON the å£2,000 Xmas prize. 2 claim is easy, just call 08712103738 NOW! Only 10p per minute. BT-national-rate",spam
Just sing HU. I think its also important to find someone female that know the place well preferably a citizen that is also smart to help you navigate through. Even things like choosing a phone plan require guidance. When in doubt ask especially girls.,not_spam
You are one click away from a free vacation.,spam
Claim your bonus cash by clicking the link.,spam
"Awesome, I remember the last time we got somebody high for the first time with diesel :V",not_spam
I sent you the calendar invite for Friday.,not_spam
"Hello.How u doing?What u been up 2?When will u b moving out of the flat, cos I will need to arrange to pick up the lamp, etc. Take care. Hello caroline!",not_spam
ÌÏ eatin later but i'm eatin wif my frens now lei... ÌÏ going home first? ,not_spam
Urgent! Please call 09061743810 from landline. Your ABTA complimentary 4* Tenerife Holiday or #5000 cash await collection SAE T&Cs Box 326 CW25WX 150 ppm,spam
U have a secret admirer who is looking 2 make contact with U-find out who they R*reveal who thinks UR so special-call on 09058094599,spam
URGENT This is our 2nd attempt to contact U. Your å£900 prize from YESTERDAY is still awaiting collection. To claim CALL NOW 09061702893. ACL03530150PM,spam
GENT! We are trying to contact you. Last weekends draw shows that you won a å£1000 prize GUARANTEED. Call 09064012160. Claim Code K52. Valid 12hrs only. 150ppm,spam
We need to reschedule our meeting for tomorrow.,not_spam
HOW ARE U? I HAVE MISSED U! I HAVENT BEEN UP 2 MUCH A BIT BORED WITH THE HOLIDAY WANT 2 GO BAK 2 COLLEGE! SAD ISNT IT?xx,not_spam
"Congrats! 1 year special cinema pass for 2 is yours. call 09061209465 now! C Suprman V, Matrix3, StarWars3, etc all 4 FREE! bx420-ip4-5we. 150pm. Dont miss out!",spam
"Goal! Arsenal 4 (Henry, 7 v Liverpool 2 Henry scores with a simple shot from 6 yards from a pass by Bergkamp to give Arsenal a 2 goal margin after 78 mins.",spam
I HAVE A DATE ON SUNDAY WITH WILL!!,not_spam
Secret shopper opportunity pays instantly.,spam
YOU HAVE WON! As a valued Vodafone customer our computer has picked YOU to win a å£150 prize. To collect is easy. Just call 09061743386,spam
One small prestige problem now.,not_spam
Is there any movie theatre i can go to and watch unlimited movies and just pay once?,not_spam
"\For the most sparkling shopping breaks from 45 per person; call 0121 2025050 or visit www.shortbreaks.org.uk\""""",spam
Urgent account notice. Click to prevent suspension.,spam
Yeah it's jus rite...,not_spam
"SMS. ac JSco: Energy is high, but u may not know where 2channel it. 2day ur leadership skills r strong. Psychic? Reply ANS w/question. End? Reply END JSCO",spam
Ok. C u then.,not_spam
"Not much, just some textin'. How bout you?",not_spam
+123 Congratulations - in this week's competition draw u have won the å£1450 prize to claim just call 09050002311 b4280703. T&Cs/stop SMS 08718727868. Over 18 only 150ppm,spam
Dunno leh cant remember mayb lor. So wat time r we meeting tmr?,not_spam
<Forwarded from 21870000>Hi - this is your Mailbox Messaging SMS alert. You have 4 messages. You have 21 matches. Please call back on 09056242159 to retrieve your messages and matches,spam
You will recieve your tone within the next 24hrs. For Terms and conditions please see Channel U Teletext Pg 750,spam
"I'm nt goin, got somethin on, unless they meetin 4 dinner lor... Haha, i wonder who will go tis time...",not_spam
"accordingly. I repeat, just text the word ok on your mobile phone and send",spam
Boltblue tones for 150p Reply POLY# or MONO# eg POLY3 1. Cha Cha Slide 2. Yeah 3. Slow Jamz 6. Toxic 8. Come With Me or STOP 4 more tones txt MORE,spam
Your loan has been approved. Send details to release funds.,spam
You won't believe it but it's true. It's Incredible Txts! Reply G now to learn truly amazing things that will blow your mind. From O2FWD only 18p/txt,spam
Don't forget we're meeting at 6 tonight.,not_spam
RT-KIng Pro Video Club>> Need help? info@ringtoneking.co.uk or call 08701237397 You must be 16+ Club credits redeemable at www.ringtoneking.co.uk! Enjoy!,spam
Finally the match heading towards draw as your prediction.,not_spam
"There're some people by mu, I'm at the table by lambda",not_spam
"Doing nothing, then u not having dinner w us?",not_spam
You have been selected for a $500 gift card.,spam
On the road so cant txt,not_spam
I dont want to hear philosophy. Just say what happen,not_spam
Yeah like if it goes like it did with my friends imma flip my shit in like half an hour,not_spam
I went to project centre,not_spam
Hi darlin im on helens fone im gonna b up the princes 2 nite please come up tb love Kate,not_spam
"Same, I'm at my great aunts anniversary party in tarpon springs",not_spam
"Yeah I am, so I'll leave maybe 7ish?",not_spam
Aah! A cuddle would be lush! I'd need lots of tea and soup before any kind of fumbling!,not_spam
"SMS. ac Blind Date 4U!: Rodds1 is 21/m from Aberdeen, United Kingdom. Check Him out http://img. sms. ac/W/icmb3cktz8r7!-4 no Blind Dates send HIDE",spam
Pls accept me for one day. Or am begging you change the number.,not_spam
FREEMSG: Our records indicate you may be entitled to 3750 pounds for the Accident you had. To claim for free reply with YES to this msg. To opt out text STOP,spam
SplashMobile: Choose from 1000s of gr8 tones each wk! This is a subscrition service with weekly tones costing 300p. U have one credit - kick back and ENJOY,spam
"This is the 2nd attempt to contract U, you have won this weeks top prize of either å£1000 cash or å£200 prize. Just call 09066361921",spam
Get instant access to secret discounts.,spam
Your refund from the bookstore has been processed.,not_spam
88066 FROM 88066 LOST 3POUND HELP,spam
"FREE NOKIA Or Motorola with upto 12mths 1/2price linerental, 500 FREE x-net mins&100txt/mth FREE B'tooth*. Call Mobileupd8 on 08001950382 or call 2optout/D3WV",spam
"Oh my god! I've found your number again! I'm so glad, text me back xafter this msgs cst std ntwk chg å£1.50",spam
We tried to contact you re your reply to our offer of 750 mins 150 textand a new video phone call 08002988890 now or reply for free delivery tomorrow,spam
"I'll text carlos and let you know, hang on",not_spam
The streaming subscription renews next week.,not_spam
"As a SIM subscriber, you are selected to receive a Bonus! Get it delivered to your door, Txt the word OK to No: 88600 to claim. 150p/msg, EXP. 30Apr",spam
"Thanks for your Ringtone Order, Reference T91. You will be charged GBP 4 per week. You can unsubscribe at anytime by calling customer services on 09057039994",spam
Same as kallis dismissial in 2nd test:-).,not_spam
You won a voucher. Enter your card number to activate it.,spam
"Sorry, I can't text &amp; drive coherently, see you in twenty",not_spam
Hi..i got the money da:),not_spam
No current and food here. I am alone also,not_spam
K da:)how many page you want?,not_spam
And whenever you and i see we can still hook up too.,not_spam
The deadline for the essay was extended.,not_spam
"Good evening Sir, hope you are having a nice day. I wanted to bring it to your notice that I have been late in paying rent for the past few months and have had to pay a $ &lt;#&gt;  charge. I felt it would be inconsiderate of me to nag about something you give at great cost to yourself and that's why i didnt speak up. I however am in a recession and wont be able to pay the charge this month hence my askin well ahead of month's end. Can you please help. Thank you for everything.",not_spam
"Yo, the game almost over? Want to go to walmart soon",not_spam
Reply now and receive a surprise gift.,spam
Sorry da thangam.it's my mistake.,not_spam
No da..today also i forgot..,not_spam
Block Breaker now comes in deluxe format with new features and great graphics from T-Mobile. Buy for just å£5 by replying GET BBDELUXE and take the challenge,spam
WHO ARE YOU SEEING?,not_spam
"500 New Mobiles from 2004, MUST GO! Txt: NOKIA to No: 89545 & collect yours today!From ONLY å£1 www.4-tc.biz 2optout 087187262701.50gbp/mtmsg18",spam
Monthly password for wap. mobsi.com is 391784. Use your wap phone not PC.,spam
from www.Applausestore.com MonthlySubscription@50p/msg max6/month T&CsC web age16 2stop txt stop,spam
Well I might not come then...,not_spam
Ha... Then we must walk to everywhere... Cannot take tram. My cousin said can walk to vic market from our hotel ,not_spam
We found money owed to you. Submit a claim.,spam
First answer my question.,not_spam
Your reserved book is available at the library.,not_spam
"Yeah there's quite a bit left, I'll swing by tomorrow when I get up",not_spam
"Me not waking up until 4 in the afternoon, sup",not_spam
"FreeMsg: Claim ur 250 SMS messages-Text OK to 84025 now!Use web2mobile 2 ur mates etc. Join Txt250.com for 1.50p/wk. T&C BOX139, LA32WU. 16 . Remove txtX or stop",spam
The bookstore has a coupon for 10 percent off textbooks.,not_spam
Congratulations on being our millionth visitor.,spam
Usually the body takes care of it buy making sure it doesnt progress. Can we pls continue this talk on saturday.,not_spam
You were approved to join the volunteer program.,not_spam
Low rates available today. Apply before midnight.,spam
Your reward points are about to expire. Redeem now.,spam
Okie,not_spam
"You are being contacted by our Dating Service by someone you know! To find out who it is, call from your mobile or landline 09064017305 PoBox75LDNS7",spam
Free entry in 2 a wkly comp to win FA Cup final tkts 21st May 2005. Text FA to 87121 to receive entry question(std txt rate)T&C's apply 08452810075over18's,spam
"Aight, lemme know what's up",not_spam
You can download the assignment template from Canvas.,not_spam
This investment has guaranteed returns.,spam
The lab computer needs a security update from IT.,not_spam
Your reward is a thank-you card from the team.,not_spam
Make $500 a day using your phone.,spam
BIG BROTHER ALERT! The computer has selected u for 10k cash or #150 voucher. Call 09064018838. NTT PO Box CRO1327 18+ BT Landline Cost 150ppm mobiles vary,spam
I will send the photos after dinner.,not_spam
Txt: CALL to No: 86888 & claim your reward of 3 hours talk time to use from your phone now! Subscribe6GBP/mnth inc 3hrs 16 stop?txtStop www.gamb.tv,spam
Ugh just got outta class,not_spam
Hey mate. Spoke to the mag people. WeÛ÷re on.  the is deliver by the end of the month. Deliver on the 24th sept. Talk later.,not_spam
The class group chat has the link to the slides.,not_spam
"Well, I meant as opposed to my drunken night of before",not_spam
Message Important information for O2 user. Today is your lucky day! 2 find out why log onto http://www.urawinner.com there is a fantastic surprise awaiting you,spam
Your application was selected for the next interview round.,not_spam
"Win the newest åÒHarry Potter and the Order of the Phoenix (Book 5) reply HARRY, answer 5 questions - chance to be the first among readers!",spam
Act now to receive your exclusive reward.,spam
Are you driving or training?,not_spam
At WHAT TIME should i come tomorrow,not_spam
Earn a bonus for every friend you invite.,spam
Yup i shd haf ard 10 pages if i add figures... ÌÏ all got how many pages?,not_spam
"This is the 2nd time we have tried 2 contact u. U have won the 750 Pound prize. 2 claim is easy, call 08718726970 NOW! Only 10p per min. BT-national-rate",spam
Can we move our call to 4:30?,not_spam
You are being ripped off! Get your mobile content from www.clubmoby.com call 08717509990 poly/true/Pix/Ringtones/Games six downloads for only 3,spam
sexy sexy cum and text me im wet and warm and ready for some porn! u up for some fun? THIS MSG IS FREE RECD MSGS 150P INC VAT 2 CANCEL TEXT STOP,spam
"Welcome to UK-mobile-date this msg is FREE giving you free calling to 08719839835. Future mgs billed at 150p daily. To cancel send \go stop\"" to 89123""",spam
Please call Amanda with regard to renewing or upgrading your current T-Mobile handset free of charge. Offer ends today. Tel 0845 021 3680 subject to T's and C's,spam
87077: Kick off a new season with 2wks FREE goals & news to ur mobile! Txt ur club name to 87077 eg VILLA to 87077,spam
My account password needs to be changed this month.,not_spam
"09066362231 URGENT! Your mobile No 07xxxxxxxxx won a å£2,000 bonus caller prize on 02/06/03! this is the 2nd attempt to reach YOU! call 09066362231 ASAP!",spam
"Eerie Nokia tones 4u, rply TONE TITLE to 8007 eg TONE DRACULA to 8007 Titles: GHOST, ADDAMSFA, MUNSTERS, EXORCIST, TWILIGHT www.getzed.co.uk POBox36504W45WQ 150p",spam
"Actually fuck that, just do whatever, do find an excuse to be in tampa at some point before january though",not_spam
Do u noe wat time e place dat sells 4d closes?,not_spam
PRIVATE! Your 2003 Account Statement for shows 800 un-redeemed S. I. M. points. Call 08715203694 Identifier Code: 40533 Expires 31/10/04,spam
Win big cash prizes every week. Join now.,spam
1000's of girls many local 2 u who r virgins 2 this & r ready 2 4fil ur every sexual need. Can u 4fil theirs? text CUTE to 69911(å£1.50p. m),spam
Your package was delivered to the front desk.,not_spam
"HOT LIVE FANTASIES call now 08707509020 Just 20p per min NTT Ltd, PO Box 1327 Croydon CR9 5WB 0870 is a national rate call",spam
Cheap flights available now. Pay today to reserve.,spam
URGENT! We are trying to contact you. Last weekends draw shows that you have won a å£900 prize GUARANTEED. Call 09061701939. Claim code S89. Valid 12hrs only,spam
Santa calling! Would your little ones like a call from Santa Xmas Eve? Call 09077818151 to book you time. Calls1.50ppm last 3mins 30s T&C www.santacalling.com,spam
Wow so healthy. Old airport rd lor. Cant thk of anything else. But i'll b bathing my dog later.,not_spam
Great News! Call FREEFONE 08006344447 to claim your guaranteed å£1000 CASH or å£2000 gift. Speak to a live operator NOW!,spam
Bloomberg -Message center +447797706009 Why wait? Apply for your future http://careers. bloomberg.com,spam
Yeah he got in at 2 and was v apologetic. n had fallen out and she was actin like spoilt child and he got caught up in that. Till 2! But we won't go there! Not doing too badly cheers. You?,not_spam
Todays Voda numbers ending 5226 are selected to receive a ?350 award. If you hava a match please call 08712300220 quoting claim code 1131 standard rates app,spam
You have won a luxury cruise for two.,spam
I love you. You set my soul on fire. It is not just a spark. But it is a flame. A big rawring flame. XoXo,not_spam
We currently have a message awaiting your collection. To collect your message just call 08718723815.,spam
No 1 POLYPHONIC tone 4 ur mob every week! Just txt PT2 to 87575. 1st Tone FREE ! so get txtin now and tell ur friends. 150p/tone. 16 reply HL 4info,spam
Your mailbox is full. Upgrade storage through this link.,spam
CDs 4u: Congratulations ur awarded å£500 of CD gift vouchers or å£125 gift guaranteed & Freeentry 2 å£100 wkly draw xt MUSIC to 87066 TnCs www.ldew.com1win150ppmx3age16,spam
U R THE MOST BEAUTIFUL GIRL IVE EVER SEEN. U R MY BABY COME AND C ME IN THE COMMON ROOM,not_spam
Arun can u transfr me d amt,not_spam
U meet other fren dun wan meet me ah... Muz b a guy rite...,not_spam
FreeMsg: Hey - I'm Buffy. 25 and love to satisfy men. Home alone feeling randy. Reply 2 C my PIX! QlynnBV Help08700621170150p a msg Send stop to stop txts,spam
Hard LIVE 121 chat just 60p/min. Choose your girl and connect LIVE. Call 09094646899 now! Cheap Chat UK's biggest live service. VU BCM1896WC1N3XX,spam
You have an unpaid toll. Settle it now to avoid penalties.,spam
Huh i cant thk of more oredi how many pages do we have?,not_spam
Yo you guys ever figure out how much we need for alcohol? Jay and I are trying to figure out how much we can safely spend on weed,not_spam
Claim your complimentary meal voucher.,spam
Your profile has been selected for a private offer.,spam
<Forwarded from 21870000>Hi - this is your Mailbox Messaging SMS alert. You have 40 matches. Please call back on 09056242159 to retrieve your messages and matches cc100p/min,spam
Do you want a New Nokia 3510i colour phone DeliveredTomorrow? With 300 free minutes to any mobile + 100 free texts + Free Camcorder reply or call 08000930705.,spam
"Rock yr chik. Get 100's of filthy films &XXX pics on yr phone now. rply FILTH to 69669. Saristar Ltd, E14 9YT 08701752560. 450p per 5 days. Stop2 cancel",spam
We are offering a free lunch during orientation.,not_spam
Thank god they are in bed!,not_spam
"Come to me, slave. Your doing it again ... Going into your shell and unconsciously avoiding me ... You are making me unhappy :-(",not_spam
"Congratulations! Thanks to a good friend U have WON the å£2,000 Xmas prize. 2 claim is easy, just call 08718726971 NOW! Only 10p per minute. BT-national-rate.",spam
"Today's Offer! Claim ur å£150 worth of discount vouchers! Text YES to 85023 now! SavaMob, member offers mobile! T Cs 08717898035. å£3.00 Sub. 16 . Unsub reply X",spam
Free 1st week entry 2 TEXTPOD 4 a chance 2 win 40GB iPod or å£250 cash every wk. Txt VPOD to 81303 Ts&Cs www.textpod.net custcare 08712405020.,spam
Send a logo 2 ur lover - 2 names joined by a heart. Txt LOVE NAME1 NAME2 MOBNO eg LOVE ADAM EVE 07123456789 to 87077 Yahoo! POBox36504W45WQ TxtNO 4 no ads 150p,spam
Reply to win å£100 weekly! What professional sport does Tiger Woods play? Send STOP to 87239 to end service,spam
UR GOING 2 BAHAMAS! CallFREEFONE 08081560665 and speak to a live operator to claim either Bahamas cruise ofå£2000 CASH 18+only. To opt out txt X to 07786200117,spam
Married local women looking for discreet action now! 5 real matches instantly to your phone. Text MATCH to 69969 Msg cost 150p 2 stop txt stop BCMSFWC1N3XX,spam
Please pay the utility bill before Friday.,not_spam
Sun ah... Thk mayb can if dun have anythin on... Thk have to book e lesson... E pilates is at orchard mrt u noe hor...  ,not_spam
"Text82228>> Get more ringtones, logos and games from www.txt82228.com. Questions: info@txt82228.co.uk",spam
Click here to register for the free coding workshop.,not_spam
XMAS iscoming & ur awarded either å£500 CD gift vouchers & free entry 2 r å£100 weekly draw txt MUSIC to 87066 TnC www.Ldew.com1win150ppmx3age16subscription,spam
I wish things were different. I wonder when i will be able to show you how much i value you. Pls continue the brisk walks no drugs without askin me please and find things to laugh about. I love you dearly.,not_spam
Its posible dnt live in  &lt;#&gt; century cm frwd n thnk different,not_spam
This offer is not available to the public.,spam
Tmr then Ì_ brin lar... Aiya later i come n c lar... Mayb Ì_ neva set properly Ì_ got da help sheet wif Ì_...,not_spam
INTERFLORA - åÒIt's not too late to order Interflora flowers for christmas call 0800 505060 to place your order before Midnight tomorrow.,spam
Congratulations on winning the hackathon!,not_spam
Our club is offering free tutoring this week.,not_spam
December only! Had your mobile 11mths+? You are entitled to update to the latest colour camera mobile for Free! Call The Mobile Update VCo FREE on 08002986906,spam
Your shipping address needs confirmation. Update it here.,spam
Bought one ringtone and now getting texts costing 3 pound offering more tones etc,spam
Open this attachment to see your reward.,spam
"Sorry, I can't help you on this.",not_spam
Ok try to do week end course in coimbatore.,not_spam
I think you should go the honesty road. Call the bank tomorrow. Its the tough decisions that make us great people.,not_spam
Captain is in our room:),not_spam
"As a valued customer, I am pleased to advise you that following recent review of your Mob No. you are awarded with a å£1500 Bonus Prize, call 09066364589",spam
PRIVATE! Your 2004 Account Statement for 07742676969 shows 786 unredeemed Bonus Points. To claim call 08719180248 Identifier Code: 45239 Expires,spam
Final notice: your prize expires today.,spam
Please call our customer service representative on 0800 169 6031 between 10am-9pm as you have WON a guaranteed å£1000 cash or å£5000 prize!,spam
Urgent: update your billing information now.,spam
Congratulations! Your email was selected for a reward.,spam
There is a cash prize for the science fair winner.,not_spam
Just forced myself to eat a slice. I'm really not hungry tho. This sucks. Mark is getting worried. He knows I'm sick when I turn down pizza. Lol,not_spam
"Aiyo... U always c our ex one... I dunno abt mei, she haven reply... First time u reply so fast... Y so lucky not workin huh, got bao by ur sugardad ah...gee.. ",not_spam
Dear U've been invited to XCHAT. This is our final attempt to contact u! Txt CHAT to 86688 150p/MsgrcvdHG/Suite342/2Lands/Row/W1J6HL LDN 18 yrs,spam
The student government grant application opens Monday.,not_spam
We confirm eating at esplanade?,not_spam
I think chennai well settled?,not_spam
You have been chosen as the discussion leader.,not_spam
"Theoretically yeah, he could be able to come",not_spam
It's Ì© only $140 ard...Ìä rest all ard $180 at least...Which is Ì© price 4 Ì© 2 bedrm ($900),not_spam
WIN a year supply of CDs 4 a store of ur choice worth å£500 & enter our å£100 Weekly draw txt MUSIC to 87066 Ts&Cs www.Ldew.com.subs16+1win150ppmx3,spam
Yup ok thanx...,not_spam
No. To be nosy I guess. Idk am I over reacting if I'm freaked?,not_spam
Important security alert: confirm your password here.,spam
WINNER! Click now to collect your prize.,spam
Thanks for the Vote. Now sing along with the stars with Karaoke on your mobile. For a FREE link just reply with SING now.,spam
Great NEW Offer - DOUBLE Mins & DOUBLE Txt on best Orange tariffs AND get latest camera phones 4 FREE! Call MobileUpd8 free on 08000839402 NOW! or 2stoptxt T&Cs,spam
You have registered Sinco as Payee. Log in at icicibank.com and enter URN  &lt;#&gt;  to confirm. Beware of frauds. Do NOT share or disclose URN to anyone.,not_spam
Marvel Mobile Play the official Ultimate Spider-man game (å£4.50) on ur mobile right now. Text SPIDER to 83338 for the game & we ll send u a FREE 8Ball wallpaper,spam
RECPT 1/3. You have ordered a Ringtone. Your order is being processed...,spam
Had your mobile 11mths ? Update for FREE to Oranges latest colour camera mobiles & unlimited weekend calls. Call Mobile Upd8 on freefone 08000839402 or 2StopTx,spam
Dear 0776xxxxxxx U've been invited to XCHAT. This is our final attempt to contact u! Txt CHAT to 86688 150p/MsgrcvdHG/Suite342/2Lands/Row/W1J6HL LDN 18yrs,spam
"I need an 8th but I'm off campus atm, could I pick up in an hour or two?",not_spam
Good night my dear.. Sleepwell&amp;Take care,not_spam
Someonone you know is trying to contact you via our dating service! To find out who it could be call from your mobile or landline 09064015307 BOX334SK38ch,spam
Win a å£1000 cash prize or a prize worth å£5000,spam
You are pre-approved for a low-interest loan. Apply now.,spam
WINNER!! As a valued network customer you have been selected to receivea å£900 prize reward! To claim call 09061701461. Claim code KL341. Valid 12 hours only.,spam
"Click here for your free trial, no credit card needed.",spam
Free video camera phones with Half Price line rental for 12 mths and 500 cross ntwk mins 100 txts. Call MobileUpd8 08001950382 or Call2OptOut/674&,spam
I'll let you know when it kicks in,not_spam
"I've got ten bucks, jay is being noncomittal",not_spam
"I wasn't well babe, i have swollen glands at my throat ... What did you end up doing ?",not_spam
Cool. Do you like swimming? I have a pool and jacuzzi at my house.,not_spam
Your next amazing xxx PICSFREE1 video will be sent to you enjoy! If one vid is not enough for 2day text back the keyword PICSFREE1 to get the next video.,spam
"No, I was trying it all weekend ;V",not_spam
"Wan2 win a Meet+Greet with Westlife 4 U or a m8? They are currently on what tour? 1)Unbreakable, 2)Untamed, 3)Unkempt. Text 1,2 or 3 to 83049. Cost 50p +std text",spam
Natalie (20/F) is inviting you to be her friend. Reply YES-165 or NO-165 See her: www.SMS.ac/u/natalie2k9 STOP? Send STOP FRND to 62468,spam
Claim a free sample while supplies last.,spam
Thats cool. i liked your photos. You are very sexy!,not_spam
Knock Knock Txt whose there to 80082 to enter r weekly draw 4 a å£250 gift voucher 4 a store of yr choice. T&Cs www.tkls.com age16 to stoptxtstopå£1.50/week,spam
Hey so whats the plan this sat? ,not_spam
Promotion Number: 8714714 - UR awarded a City Break and could WIN a å£200 Summer Shopping spree every WK. Txt STORE to 88039 . SkilGme. TsCs087147403231Winawk!Age16 å£1.50perWKsub,spam
The reward for finishing the challenge is extra credit.,not_spam
Its a site to simulate the test. It just gives you very tough questions to test your readiness.,not_spam
You will be receiving this week's Triple Echo ringtone shortly. Enjoy it!,spam
We are collecting donations for the food drive.,not_spam
Your credit score qualifies you for a special rate.,spam
Someone has contacted our dating service and entered your phone because they fancy you! To find out who it is call from a landline 09111032124 . PoBox12n146tf150p,spam
"Hi frnd, which is best way to avoid missunderstding wit our beloved one's?",not_spam
Hey I am really horny want to chat or see me naked text hot to 69698 text charged at 150pm to unsubscribe text stop 69698,spam
Get unlimited streaming access for free.,spam
No..but heard abt tat..,not_spam
Can you help me move this weekend?,not_spam
Todays Vodafone numbers ending with 4882 are selected to a receive a å£350 award. If your number matches call 09064019014 to receive your å£350 award.,spam
You have won a guaranteed å£200 award or even å£1000 cashto claim UR award call free on 08000407165 (18+) 2 stop getstop on 88222 PHP. RG21 4JX,spam
Get a $1000 grant with no repayment.,spam
ÌÏ got wat to buy tell us then Ì_ no need to come in again.,not_spam
Your order from the campus bookstore is ready for pickup.,not_spam
Your payment for the club dues was received.,not_spam
"Sorry my roommates took forever, it ok if I come by now?",not_spam
"URGENT! Your mobile No 077xxx WON a å£2,000 Bonus Caller Prize on 02/06/03! This is the 2nd attempt to reach YOU! Call 09066362206 ASAP! BOX97N7QP, 150ppm",spam
ree entry in 2 a weekly comp for a chance to win an ipod. Txt POD to 80182 to get entry (std txt rate) T&C's apply 08452810073 for details 18+,spam
Congratulations! You won a free vacation. Claim it today.,spam
"Sorry, I'll call later in meeting.",not_spam
Well there's not a lot of things happening in Lindsay on New years *sighs* Some bars in Ptbo and the blue heron has something going,not_spam
I walked an hour 2 c u! doesnåÕt that show I care y wont u believe im serious?,not_spam
FREE MSG:We billed your mobile number by mistake from shortcode 83332.Please call 08081263000 to have charges refunded.This call will be free from a BT landline,spam
"For your chance to WIN a FREE Bluetooth Headset then simply reply back with \ADP\""""",spam
Yep. I do like the pink furniture tho.,not_spam
Please update your contact information in the school portal.,not_spam
SMS. ac Sptv: The New Jersey Devils and the Detroit Red Wings play Ice Hockey. Correct or Incorrect? End? Reply END SPTV,spam
Going for dinner.msg you after.,not_spam
"Congrats! 2 mobile 3G Videophones R yours. call 09061744553 now! videochat wid ur mates, play java games, Dload polyH music, noline rentl. bx420. ip4. 5we. 150pm",spam
"Hottest pics straight to your phone!! See me getting Wet and Wanting, just for you xx Text PICS to 89555 now! txt costs 150p textoperator g696ga 18 XxX",spam
Valentines Day Special! Win over å£1000 in our quiz and take your partner on the trip of a lifetime! Send GO to 83600 now. 150p/msg rcvd. CustCare:08718720201.,spam
"Dear Voucher Holder, To claim this weeks offer, at your PC please go to http://www.wtlp.co.uk/text. Ts&Cs apply.",spam
I'm e person who's doing e sms survey...,not_spam
I left my phone charger in the classroom.,not_spam
Quite lor. But dun tell him wait he get complacent...,not_spam
"I feel like a dick because I keep sleeping through your texts and facebook messages. Sup, you in town?",not_spam
"And that is the problem. You walk around in \julianaland\"" oblivious to what is going on around you. I say the same things constantly and they go in one ear and out the other while you go off doing whatever you want to do. It's not that you don't know why I'm upset--it's that you don't listen when i tell you WHAT is going to upset me. Then you want to be surprised when I'm mad.""",not_spam
Anyway seriously hit me up when you're back because otherwise I have to light up with armand and he always has shit and/or is vomiting,not_spam
Your credits have been topped up for http://www.bubbletext.com Your renewal Pin is tgxxrz,spam
"For ur chance to win a å£250 cash every wk TXT: ACTION to 80608. T's&C's www.movietrivia.tv custcare 08712405022, 1x150p/wk.",spam
Ok. So april. Cant wait,not_spam
"Bears Pic Nick, and Tom, Pete and ... Dick. In fact, all types try gay chat with photo upload call 08718730666 (10p/min). 2 stop texts call 08712460324",spam
"U've been selected to stay in 1 of 250 top British hotels - FOR NOTHING! Holiday valued at å£350! Dial 08712300220 to claim - National Rate Call. Bx526, SW73SS",spam
Santa Calling! Would your little ones like a call from Santa Xmas eve? Call 09058094583 to book your time.,spam
Investment alert: double your money in one month.,spam
"Spook up your mob with a Halloween collection of a logo & pic message plus a free eerie tone, txt CARD SPOOK to 8007 zed 08701417012150p per logo/pic",spam
FREE entry into our å£250 weekly comp just send the word ENTER to 84128 NOW. 18 T&C www.textcomp.com cust care 08712405020.,spam
"Sorry,in meeting I'll call later",not_spam
Join the UK's horniest Dogging service and u can have sex 2nite!. Just sign up and follow the instructions. Txt ENTRY to 69888 now! Nyt.EC2A.3LP.msg@150p,spam
Thank you for helping with the event.,not_spam
Short But Cute: \Be a good person,not_spam
I am taking you for italian food. How about a pretty dress with no panties? :),not_spam
Urgent: please send me the homework when you can.,not_spam
Flash sale: luxury watches for $9.99.,spam
Lol! Nah wasn't too bad thanks. Its good to b home but its been quite a reality check. Hows ur day been? Did u do anything with website?,not_spam
FREE for 1st week! No1 Nokia tone 4 ur mobile every week just txt NOKIA to 8077 Get txting and tell ur mates. www.getzed.co.uk POBox 36504 W45WQ 16+ norm150p/tone,spam
Can you pick me up after class?,not_spam
"ou are guaranteed the latest Nokia Phone, a 40GB iPod MP3 player or a å£500 prize! Txt word: COLLECT to No: 83355! IBHltd LdnW15H 150p/Mtmsgrcvd18",spam
;-) ok. I feel like john lennon.,not_spam
"K, I might come by tonight then if my class lets out early",not_spam
Hey we can go jazz power yoga hip hop kb and yogasana ,not_spam
I got a new phone number; save it when you can.,not_spam
You'll not rcv any more msgs from the chat svc. For FREE Hardcore services text GO to: 69988 If u get nothing u must Age Verify with yr network & try again,spam
http//tms. widelive.com/index. wml?id=820554ad0a1705572711&first=trueåÁC C RingtoneåÁ,spam
Lol or I could just starve and lose a pound by the end of the day.,not_spam
I'm working technical support :)voice process.networking field.,not_spam
The package contains the replacement keyboard you ordered.,not_spam
The bank app says my transfer was completed.,not_spam
"So anyways, you can just go to your gym or whatever, my love *smiles* I hope your ok and having a good day babe ... I miss you so much already",not_spam
5 nights...We nt staying at port step liao...Too ex,not_spam
A few seats remain for the campus tour.,not_spam
LOOK AT THE FUCKIN TIME. WHAT THE FUCK YOU THINK IS UP,not_spam
You are eligible for a refund. Complete the form now.,spam
Burger King - Wanna play footy at a top stadium? Get 2 Burger King before 1st Sept and go Large or Super with Coca-Cola and walk out a winner,spam
Am not interested to do like that.,not_spam
network operator. The service is free. For T & C's visit 80488.biz,spam
"Hi, the SEXYCHAT girls are waiting for you to text them. Text now for a great night chatting. send STOP to stop this service",spam
"5 Free Top Polyphonic Tones call 087018728737, National Rate. Get a toppoly tune sent every week, just text SUBPOLY to 81618, å£3 per pole. UnSub 08718727870.",spam
I'm in school now n i'll be in da lab doing some stuff give me a call when Ì_ r done.,not_spam
There is an urgent maintenance issue in the dorm.,not_spam
For taking part in our mobile survey yesterday! You can now have 500 texts 2 use however you wish. 2 get txts just send TXT to 80160 T&C www.txt43.com 1.50p,spam
The school is giving out free laptops to qualifying students.,not_spam
important information 4 orange user 0789xxxxxxx. today is your lucky day!2find out why log onto http://www.urawinner.com THERE'S A FANTASTIC SURPRISE AWAITING YOU!,spam
WOW! The Boys R Back. TAKE THAT 2007 UK Tour. Win VIP Tickets & pre-book with VIP Club. Txt CLUB to 81303. Trackmarque Ltd info@vipclub4u.,spam
Please CALL 08712402779 immediately as there is an urgent message waiting for you,spam
IRS refund available. Submit your information today.,spam
Your account is active and everything looks normal.,not_spam
If u sending her home first it's ok lor. I'm not ready yet.,not_spam
PRIVATE! Your 2003 Account Statement for 07815296484 shows 800 un-redeemed S.I.M. points. Call 08718738001 Identifier Code 41782 Expires 18/11/04,spam
"SMS SERVICES. for your inclusive text credits, pls goto www.comuk.net login= 3qxj9 unsubscribe with STOP, no extra charge. help 08702840625.COMUK. 220-CM2 9AE",spam
Jesus armand really is trying to tell everybody he can find,not_spam
Get rich fast with this simple investment secret.,spam
This message is brought to you by GMW Ltd. and is not connected to the,spam
You have been specially selected to receive a 2000 pound award! Call 08712402050 BEFORE the lines close. Cost 10ppm. 16+. T&Cs apply. AG Promo,spam
"U were outbid by simonwatson5120 on the Shinco DVD Plyr. 2 bid again, visit sms. ac/smsrewards 2 end bid notifications, reply END OUT",spam
URGENT! We are trying to contact U. Todays draw shows that you have won a å£800 prize GUARANTEED. Call 09050003091 from land line. Claim C52. Valid12hrs only,spam
Urgent response required to keep your account active.,spam
I'm always looking for an excuse to be in the city.,not_spam
I selected a restaurant for dinner tonight.,not_spam
You have a message from support. Sign in to read it.,spam
The club has an exclusive event for new members.,not_spam
"This is the 2nd time we have tried to contact u. U have won the å£400 prize. 2 claim is easy, just call 087104711148 NOW! Only 10p per minute. BT-national-rate",spam
You have an important customer service announcement from PREMIER.,spam
Yup... Ok i go home look at the timings then i msg Ì_ again... Xuhui going to learn on 2nd may too but her lesson is at 8am,not_spam
CALL 09090900040 & LISTEN TO EXTREME DIRTY LIVE CHAT GOING ON IN THE OFFICE RIGHT NOW TOTAL PRIVACY NO ONE KNOWS YOUR [sic] LISTENING 60P MIN 24/7MP 0870753331018+,spam
"Sorry about earlier. Putting out fires.Are you around to talk after 9? Or do you actually have a life, lol!",not_spam
"UpgrdCentre Orange customer, you may now claim your FREE CAMERA PHONE upgrade for your loyalty. Call now on 0207 153 9153. Offer ends 26th July. T&C's apply. Opt-out available",spam
Anything lor... U decide...,not_spam
The club treasurer says the budget was approved.,not_spam
The security team is testing the new login process today.,not_spam
"Xmas & New Years Eve tickets are now on sale from the club, during the day from 10am till 8pm, and on Thurs, Fri & Sat night this week. They're selling fast!",spam
ÌÏ all write or wat..,not_spam
"You are being contacted by our dating service by someone you know! To find out who it is, call from a land line 09050000878. PoBox45W2TG150P",spam
8007 FREE for 1st week! No1 Nokia tone 4 ur mob every week just txt NOKIA to 8007 Get txting and tell ur mates www.getzed.co.uk POBox 36504 W4 5WQ norm 150p/tone 16+,spam
"Congrats! 2 mobile 3G Videophones R yours. call 09063458130 now! videochat wid your mates, play java games, Dload polyPH music, noline rentl.",spam
Reminder: your dentist appointment is at 3 PM.,not_spam
"u r subscribed 2 TEXTCOMP 250 wkly comp. 1st wk?s free question follows, subsequent wks charged@150p/msg.2 unsubscribe txt STOP 2 84128,custcare 08712405020",spam
The professor will post the quiz scores tomorrow.,not_spam
YOU HAVE WON! As a valued Vodafone customer our computer has picked YOU to win a å£150 prize. To collect is easy. Just call 09061743386,spam
"Dear Voucher Holder, To claim this weeks offer, at you PC please go to http://www.e-tlp.co.uk/expressoffer Ts&Cs apply. To stop texts, txt STOP to 80062",spam
Claim your tax rebate before the deadline.,spam
Can u look 4 me in da lib i got stuff havent finish yet.,not_spam
U are subscribed to the best Mobile Content Service in the UK for å£3 per ten days until you send STOP to 83435. Helpline 08706091795.,spam
"XXXMobileMovieClub: To use your credit, click the WAP link in the next txt message or click here>> http://wap. xxxmobilemovieclub.com?n=QJKGIGHJJGCBL",spam
Your package is waiting. Pay a small fee to schedule delivery.,spam
Check your email for the scholarship application link.,not_spam
"Hello darling how are you today? I would love to have a chat, why dont you tell me what you look like and what you are in to sexy?",spam
"Urgent -call 09066649731from Landline. Your complimentary 4* Ibiza Holiday or å£10,000 cash await collection SAE T&Cs PO BOX 434 SK3 8WP 150ppm 18+",spam
Are you free now?can i call now?,not_spam
Money i have won wining number 946 wot do i do next,spam
Tomarrow final hearing on my laptop case so i cant.,not_spam
"URGENT, IMPORTANT INFORMATION FOR O2 USER. TODAY IS YOUR LUCKY DAY! 2 FIND OUT WHY LOG ONTO HTTP://WWW.URAWINNER.COM THERE IS A FANTASTIC SURPRISE AWAITING FOR YOU",spam
I am 6 ft. We will be a good combination!,not_spam
Your request to borrow the camera was approved.,not_spam
The library account notice says my books are due soon.,not_spam
"If you're still up, maybe leave the credit card so I can get gas when I get back like he told me to",not_spam
Our Prasanth ettans mother passed away last night. Just pray for her and family.,not_spam
"Tee hee. Off to lecture, cheery bye bye.",not_spam
You qualify for exclusive student loan forgiveness.,spam
The package pickup desk closes at five.,not_spam
PRIVATE! Your 2003 Account Statement for shows 800 un-redeemed S.I.M. points. Call 08715203685 Identifier Code:4xx26 Expires 13/10/04,spam
That's my honeymoon outfit. :),not_spam
This pay is  &lt;DECIMAL&gt;  lakhs:),not_spam
Free any day but i finish at 6 on mon n thurs...,not_spam
Also andros ice etc etc,not_spam
Yeah I'll try to scrounge something up,not_spam
What class of  &lt;#&gt;  reunion?,not_spam
Hmm. Shall i bring a bottle of wine to keep us amused? Just joking! I'll still bring a bottle. Red or white? See you tomorrow,not_spam
Free entry in our weekly prize draw. Reply YES.,spam
"Turns out my friends are staying for the whole show and won't be back til ~ &lt;#&gt; , so feel free to go ahead and smoke that $ &lt;#&gt;  worth",not_spam
Claim your free coffee card by entering your details.,spam
Were somewhere on Fredericksburg,not_spam
Please use the secure portal to upload your document.,not_spam
No problem baby. Is this is a good time to talk? I called and left a message.,not_spam
The final notice for tuition is in the student portal.,not_spam
We noticed unusual activity. Verify your account to avoid closure.,spam
Yar lor... Keep raining non stop... Or u wan 2 go elsewhere?,not_spam
Only a few spots remain in this exclusive money program.,spam
\YEH I AM DEF UP4 SOMETHING SAT,not_spam
Thanks for loving me so. You rock,not_spam
"If you don't, your prize will go to another customer. T&C at www.t-c.biz 18+ 150p/min Polo Ltd Suite 373 London W1J 6HL Please call back if busy",spam
85233 FREE>Ringtone!Reply REAL,spam
Reckon need to be in town by eightish to walk from * carpark.,not_spam
Congrats! Nokia 3650 video camera phone is your Call 09066382422 Calls cost 150ppm Ave call 3mins vary from mobiles 16+ Close 300603 post BCM4284 Ldn WC1N3XX,spam
This is your last chance to claim a reward.,spam
I'm meeting Darren...,not_spam
22 days to kick off! For Euro2004 U will be kept up to date with the latest news and results daily. To be removed send GET TXT STOP to 83222,spam
Sex up ur mobile with a FREE sexy pic of Jordan! Just text BABE to 88600. Then every wk get a sexy celeb! PocketBabe.co.uk 4 more pics. 16 å£3/wk 087016248,spam
"U can WIN å£100 of Music Gift Vouchers every week starting NOW Txt the word DRAW to 87066 TsCs www.Idew.com SkillGame, 1Winaweek, age16. 150ppermessSubscription",spam
We need your response about an issue with your account.,spam
"Ha. You donÛ÷t know either. I did a a clever but simple thing with pears the other day, perfect for christmas.",not_spam
"Congrats! 1 year special cinema pass for 2 is yours. call 09061209465 now! C Suprman V, Matrix3, StarWars3, etc all 4 FREE! bx420-ip4-5we. 150pm. Dont miss out!",spam
"This is the 2nd time we have tried 2 contact u. U have won the å£750 Pound prize. 2 claim is easy, call 087187272008 NOW1! Only 10p per minute. BT-national-rate.",spam
HI DARLIN I FINISH AT 3 DO U 1 2 PICK ME UP OR MEET ME? TEXT BACK ON THIS NUMBER LUV KATE XXX,not_spam
\alright babe,not_spam
Yes. I come to nyc for audiitions and am trying to relocate.,not_spam
The campus shuttle is running late.,not_spam
Da is good good player.why he is unsold.,not_spam
"Watching cartoon, listening music &amp; at eve had to go temple &amp; church.. What about u?",not_spam
"K so am I, how much for an 8th? Fifty?",not_spam
What's the significance?,not_spam
"Hurry up, I've been weed-deficient for like three days",not_spam
Hi its me you are probably having too much fun to get this message but i thought id txt u cos im bored! and james has been farting at me all night,not_spam
We need your response by Wednesday for the field trip.,not_spam
"Perhaps * is much easy give your account identification, so i will tomorrow at UNI",not_spam
The instructor added extra office hours this week.,not_spam
Which channel:-):-):):-).,not_spam
Where you. What happen,not_spam
2 and half years i missed your friendship:-),not_spam
Thanks for your help with the presentation.,not_spam
Want explicit SEX in 30 secs? Ring 02073162414 now! Costs 20p/min Gsex POBOX 2667 WC1N 3XX,spam
"Ok da, i already planned. I wil pick you.",not_spam
Free pizza at the CS and AI meeting tonight.,not_spam
You have 1 new voicemail. Please call 08719181513.,spam
Can U get 2 phone NOW? I wanna chat 2 set up meet Call me NOW on 09096102316 U can cum here 2moro Luv JANE xx Callså£1/minmoremobsEMSPOBox45PO139WA,spam
Mom says dinner will be ready at seven.,not_spam
Get paid to test products from major brands.,spam
Good luck on your exam tomorrow!,not_spam
"Sppok up ur mob with a Halloween collection of nokia logo&pic message plus a FREE eerie tone, txt CARD SPOOK to 8007",spam
Reading gud habit.. Nan bari hudgi yorge pataistha ertini kano:-),not_spam
EASTENDERS TV Quiz. What FLOWER does DOT compare herself to? D= VIOLET E= TULIP F= LILY txt D E or F to 84025 NOW 4 chance 2 WIN å£100 Cash WKENT/150P16+,spam
But really quite funny lor wat... Then u shd haf run shorter distance wat...,not_spam
Really... I tot ur paper ended long ago... But wat u copied jus now got use? U happy lar... I still haf 2 study :-(,not_spam
Earn money from home with no experience required.,spam
I've told him that i've returned it. That should i re order it.,not_spam
Get a guaranteed credit card with no checks.,spam
Sunshine Quiz Wkly Q! Win a top Sony DVD player if u know which country the Algarve is in? Txt ansr to 82277. å£1.50 SP:Tyrone,spam
"Mila, age23, blonde, new in UK. I look sex with UK guys. if u like fun with me. Text MTALK to 69866.18 . 30pp/txt 1st 5free. å£1.50 increments. Help08718728876",spam
Urgent Ur å£500 guaranteed award is still unclaimed! Call 09066368327 NOW closingdate04/09/02 claimcode M39M51 å£1.50pmmorefrommobile2Bremoved-MobyPOBox734LS27YF,spam
Then any special there?,not_spam
Hey! Congrats 2u2. id luv 2 but ive had 2 go home!,not_spam
Ok thanx...,not_spam
You have WON a guaranteed å£1000 cash or a å£2000 prize. To claim yr prize call our customer service representative on 08714712379 between 10am-7pm Cost 10p,spam
4mths half price Orange line rental & latest camera phones 4 FREE. Had your phone 11mths ? Call MobilesDirect free on 08000938767 to update now! or2stoptxt,spam
"You have won ?1,000 cash or a ?2,000 prize! To claim, call09050000327. T&C: RSTM, SW7 3SS. 150ppm",spam
The volunteer coordinator needs your shirt size.,not_spam
"Hey babe! I saw you came online for a second and then you disappeared, what happened ?",not_spam
Sindu got job in birla soft ..,not_spam
Shall call now dear having food,not_spam
URGENT We are trying to contact you Last weekends draw shows u have won a å£1000 prize GUARANTEED Call 09064017295 Claim code K52 Valid 12hrs 150p pm,spam
Please confirm that you received my attachment.,not_spam
The meeting room changed to Building B.,not_spam
"House-Maid is the murderer, coz the man was murdered on  &lt;#&gt; th January.. As public holiday all govt.instituitions are closed,including post office..",not_spam
Honestly i've just made a lovely cup of tea and promptly dropped my keys in it and then burnt my fingers getting them out!,not_spam
Already one guy loving you:-.,not_spam
Phony å£350 award - Todays Voda numbers ending XXXX are selected to receive a å£350 award. If you have a match please call 08712300220 quoting claim code 3100 standard rates app,spam
Dear Voucher holder Have your next meal on us. Use the following link on your pc 2 enjoy a 2 4 1 dining experiencehttp://www.vouch4me.com/etlp/dining.asp,spam
Ur cash-balance is currently 500 pounds - to maximize ur cash-in now send GO to 86688 only 150p/msg. CC: 08718720201 PO BOX 114/14 TCR/W1,spam
Please review the attached meeting agenda.,not_spam
Please bring cash for the shared lunch.,not_spam
get ready to moan and scream :),not_spam
The gym has a limited-time student membership deal.,not_spam
No management puzzeles.,not_spam
Let's meet outside the library at noon.,not_spam
"FreeMSG You have been awarded a FREE mini DIGITAL CAMERA, just reply SNAP to collect your prize! (quizclub Opt out? Stop 80122300p/wk SP:RWM Ph:08704050406)",spam
URGENT! Your Mobile number has been awarded with a å£2000 prize GUARANTEED. Call 09058094454 from land line. Claim 3030. Valid 12hrs only,spam
3. You have received your mobile content. Enjoy,spam
You earned a reward point for attending the workshop.,not_spam
The professor says today's class is online.,not_spam
Free 1st week entry 2 TEXTPOD 4 a chance 2 win 40GB iPod or å£250 cash every wk. Txt POD to 84128 Ts&Cs www.textpod.net custcare 08712405020.,spam
"\URGENT! This is the 2nd attempt to contact U!U have WON å£1000CALL 09071512432 b4 300603t&csBCM4235WC1N3XX.callcost150ppmmobilesvary. maxå£7. 50\""""",spam
"SMS SERVICES. for your inclusive text credits, pls goto www.comuk.net login= ***** unsubscribe with STOP. no extra charge. help:08700469649. PO BOX420. IP4 5WE",spam
A å£400 XMAS REWARD IS WAITING FOR YOU! Our computer has randomly picked you from our loyal mobile customers to receive a å£400 reward. Just call 09066380611,spam
"Nowadays people are notixiquating the laxinorficated opportunity for bambling of entropication.... Have you ever oblisingately opted ur books for the masteriastering amplikater of fidalfication? It is very champlaxigating, i think it is atrocious.. Wotz Ur Opinion???? Junna",not_spam
I have a free hour after my lab if you want to study.,not_spam
07732584351 - Rodger Burns - MSG = We tried to call you re your reply to our sms for a free nokia mobile + free camcorder. Please call now 08000930705 for delivery tomorrow,spam
Yup song bro. No creative. Neva test quality. He said check review online.,not_spam
Ok. There may be a free gym about.,not_spam
Aww that's the first time u said u missed me without asking if I missed u first. You DO love me! :),not_spam
Please CALL 08712402972 immediately as there is an urgent message waiting for you,spam
University of southern california.,not_spam
Hey what's up charles sorry about the late reply.,not_spam
"'An Amazing Quote'' - \Sometimes in life its difficult to decide whats wrong!! a lie that brings a smile or the truth that brings a tear....\""""",not_spam
I WILL CAL YOU SIR. In meeting,not_spam
Valentines Day Special! Win over å£1000 in our quiz and take your partner on the trip of a lifetime! Send GO to 83600 now. 150p/msg rcvd. CustCare:08718720201,spam
Yes.. now only saw your message..,not_spam
Should i buy him a blackberry bold 2 or torch. Should i buy him new or used. Let me know. Plus are you saying i should buy the  &lt;#&gt; g wifi ipad. And what are you saying about the about the  &lt;#&gt; g?,not_spam
The current leading bid is 151. To pause this auction send OUT. Customer Care: 08718726270,spam
"Nah, I'm a perpetual DD",not_spam
TBS/PERSOLVO. been chasing us since Sept forå£38 definitely not paying now thanks to your information. We will ignore them. Kath. Manchester.,spam
"Ur balance is now å£600. Next question: Complete the landmark, Big, A. Bob, B. Barry or C. Ben ?. Text A, B or C to 83738. Good luck!",spam
The professor posted the final project instructions.,not_spam
"URGENT! Your Mobile No was awarded a å£2,000 Bonus Caller Prize on 1/08/03! This is our 2nd attempt to contact YOU! Call 0871-4719-523 BOX95QU BT National Rate",spam
I've been barred from all B and Q stores for life!?This twat in orange dungerees came up to me and asked if I wanted decking? So I got the first punch in!!,not_spam
I'm coming back on Thursday. Yay. Is it gonna be ok to get the money. Cheers. Oh yeah and how are you. Everything alright. Hows school. Or do you call it work now,not_spam
okmail: Dear Dave this is your final notice to collect your 4* Tenerife Holiday or #5000 CASH award! Call 09061743806 from landline. TCs SAE Box326 CW25WX 150ppm,spam
Please call our customer service representative on FREEPHONE 0808 145 4742 between 9am-11pm as you have WON a guaranteed å£1000 cash or å£5000 prize!,spam
R Ì_ going 4 today's meeting?,not_spam
I'd like to tell you my deepest darkest fantasies. Call me 09094646631 just 60p/min. To stop texts call 08712460324 (nat rate),spam
sports fans - get the latest sports news str* 2 ur mobile 1 wk FREE PLUS a FREE TONE Txt SPORT ON to 8007 www.getzed.co.uk 0870141701216+ norm 4txt/120p,spam
Ha... U jus ate honey ar? So sweet...,not_spam
New TEXTBUDDY Chat 2 horny guys in ur area 4 just 25p Free 2 receive Search postcode or at gaytextbuddy.com. TXT ONE name to 89693,spam
8007 25p 4 Alfie Moon's Children in Need song on ur mob. Tell ur m8s. Txt TONE CHARITY to 8007 for nokias or POLY CHARITY for polys :zed 08701417012 profit 2 charity,spam
Jordan got voted out last nite!,not_spam
RCT' THNQ Adrian for U text. Rgds Vatian,spam
Ur TONEXS subscription has been renewed and you have been charged å£4.50. You can choose 10 more polys this month. www.clubzed.co.uk *BILLING MSG*,spam
"For ur chance to win a å£250 wkly shopping spree TXT: SHOP to 80878. T's&C's www.txt-2-shop.com custcare 08715705022, 1x150p/wk",spam
PRIVATE! Your 2003 Account Statement for 07808 XXXXXX shows 800 un-redeemed S. I. M. points. Call 08719899217 Identifier Code: 41685 Expires 07/11/04,spam
"Sir Goodmorning, Once free call me.",not_spam
"The house is on the water with a dock, a boat rolled up with a newscaster who dabbles in jazz flute behind the wheel",not_spam
"You are being contacted by our dating service by someone you know! To find out who it is, call from a land line 09050000928. PoBox45W2TG150P",spam
New TEXTBUDDY Chat 2 horny guys in ur area 4 just 25p Free 2 receive Search postcode or at gaytextbuddy.com. TXT ONE name to 89693. 08715500022 rpl Stop 2 cnl,spam
Shall i ask one thing if you dont mistake me.,not_spam
The bus leaves at  &lt;#&gt; ,not_spam
"I'm tired of arguing with you about this week after week. Do what you want and from now on, i'll do the same.",not_spam
"By the way, i've put a skip right outside the front of the house so you can see which house it is. Just pull up before it.",not_spam
I always chat with you. In fact i need money can you raise me?,not_spam
HI DARLIN IVE JUST GOT BACK AND I HAD A REALLY NICE NIGHT AND THANKS SO MUCH FOR THE LIFT SEE U TOMORROW XXX,not_spam
Ummma.will call after check in.our life will begin from qatar so pls pray very hard.,not_spam
"Somewhr someone is surely made 4 u. And God has decided a perfect time to make u meet dat person. . . . till den, . . . . . Enjoy ur crushes..!!!;-)",not_spam
Just taste fish curry :-P,not_spam
Haha mayb u're rite... U know me well. Da feeling of being liked by someone is gd lor. U faster go find one then all gals in our group attached liao.,not_spam
U studying in sch or going home? Anyway i'll b going 2 sch later.,not_spam
Special deal: buy one get five free today.,spam
FreeMsg: Txt: CALL to No: 86888 & claim your reward of 3 hours talk time to use from your phone now! Subscribe6GBP/mnth inc 3hrs 16 stop?txtStop,spam
Your parking permit expires at the end of the month.,not_spam
"Den only weekdays got special price... Haiz... Cant eat liao... Cut nails oso muz wait until i finish drivin wat, lunch still muz eat wat... ",not_spam
Claim a coupon worth $100 before it disappears.,spam
"I'd say that's a good sign but, well, you know my track record at reading women",not_spam
Please claim your seat before the movie starts.,not_spam
Hi :)finally i completed the course:),not_spam
yes baby! I need to stretch open your pussy!,not_spam
I'm so in love with you. I'm excited each day i spend with you. You make me so happy.,not_spam
Will Ì_ b going to esplanade fr home?,not_spam
Reply YES for a chance to win cash.,spam
It only does simple arithmetic not percentages.,not_spam
Sorry! U can not unsubscribe yet. THE MOB offer package has a min term of 54 weeks> pls resubmit request after expiry. Reply THEMOB HELP 4 more info,spam
So what did the bank say about the money?,not_spam
How about getting in touch with folks waiting for company? Just txt back your NAME and AGE to opt in! Enjoy the community (150p/SMS),spam
You bad girl. I can still remember them,not_spam
Not yet chikku..wat abt u?,not_spam
"Thanks for your ringtone order, ref number K718. Your mobile will be charged å£4.50. Should your tone not arrive please call customer services on 09065069120",spam
Warner Village 83118 C Colin Farrell in SWAT this wkend @Warner Village & get 1 free med. Popcorn!Just show msg+ticket@kiosk.Valid 4-7/12. C t&c @kiosk. Reply SONY 4 mre film offers,spam
U have a Secret Admirer who is looking 2 make contact with U-find out who they R*reveal who thinks UR so special-call on 09065171142-stopsms-08,spam
Ok... Sweet dreams...,not_spam
Text BANNEDUK to 89555 to see! cost 150p textoperator g696ga 18+ XXX,spam
Limited-time offer: free smartphone for the first 100 replies.,spam
Then why you came to hostel.,not_spam
"* Was really good to see you the other day dudette, been missing you!",not_spam
Then mum's repent how?,not_spam
"Ya, i'm referin to mei's ex wat... No ah, waitin 4 u to treat, somebody shld b rich liao...So gd, den u dun have to work frm tmr onwards...",not_spam
Last reminder: redeem your bonus before it expires.,spam
Its ok my arm is feeling weak cuz i got a shot so we can go another time,not_spam
"Latest News! Police station toilet stolen, cops have nothing to go on!",spam
"G says you never answer your texts, confirm/deny",not_spam
You have been approved for immediate cash assistance.,spam
Confirm your bank details to receive a transfer.,spam
"Romantic Paris. 2 nights, 2 flights from å£79 Book now 4 next year. Call 08704439680Ts&Cs apply.",spam
Could you send the survey results before noon?,not_spam
Receive a free tablet when you complete this survey.,spam
Its going good...no problem..but still need little experience to understand american customer voice...,not_spam
"For ur chance to win a å£250 cash every wk TXT: ACTION to 80608. T's&C's www.movietrivia.tv custcare 08712405022, 1x150p/wk",spam
Please CALL 08712402902 immediately as there is an urgent message waiting for you.,spam
Guess who am I?This is the first time I created a web page WWW.ASJESUS.COM read all I wrote. I'm waiting for your opinions. I want to be your friend 1/1,spam
You have an important customer service announcement. Call FREEPHONE 0800 542 0825 now!,spam
-PLS STOP bootydelious (32/F) is inviting you to be her friend. Reply YES-434 or NO-434 See her: www.SMS.ac/u/bootydelious STOP? Send STOP FRND to 62468,spam
Eh sorry leh... I din c ur msg. Not sad already lar. Me watching tv now. U still in office?,not_spam
URGENT! We are trying to contact U. Todays draw shows that you have won a å£2000 prize GUARANTEED. Call 09058094507 from land line. Claim 3030. Valid 12hrs only,spam
Not to worry. I'm sure you'll get it.,not_spam
"FreeMsg Why haven't you replied to my text? I'm Randy, sexy, female and live local. Luv to hear from u. Netcollex Ltd 08700621170150p per msg reply Stop to end",spam
I won a small prize at the department raffle.,not_spam
We are attempting to contact you about a financial matter.,spam
"Do you realize that in about 40 years, we'll have thousands of old ladies running around with tattoos?",spam
How stupid to say that i challenge god.You dont think at all on what i write instead you respond immed.,not_spam
The delivery driver left your groceries by the door.,not_spam
Hey loverboy! I love you !! I had to tell ... I look at your picture and ache to feel you between my legs ... Fuck I want you ... I need you ... I crave you .,not_spam
"\AH POOR BABY!HOPE URFEELING BETTERSN LUV! PROBTHAT OVERDOSE OF WORK HEY GO CAREFUL SPK 2 U SN LOTS OF LOVEJEN XXX.\""""",not_spam
You've been chosen to receive free concert tickets.,spam
Your account needs verification. Open this link immediately.,spam
The group project is due at midnight Friday.,not_spam
Your number was picked in today's lucky draw.,spam
money!!! you r a lucky winner ! 2 claim your prize text money 2 88600 over å£1million to give away ! ppt150x3+normal text rate box403 w1t1jy,spam
Guess what! Somebody you know secretly fancies you! Wanna find out who it is? Give us a call on 09065394973 from Landline DATEBox1282EssexCM61XN 150p/min 18,spam
The finance office confirmed my scholarship payment.,not_spam
What do U want for Xmas? How about 100 free text messages & a new video phone with half price line rental? Call free now on 0800 0721072 to find out more!,spam
Notice: we could not deliver your parcel. Reschedule here.,spam
Don't b floppy... b snappy & happy! Only gay chat service with photo upload call 08718730666 (10p/min). 2 stop our texts call 08712460324,spam
Call from 08702490080 - tells u 2 call 09066358152 to claim å£5000 prize. U have 2 enter all ur mobile & personal details @ the prompts. Careful!,spam
dont make ne plans for nxt wknd coz she wants us to come down then ok,not_spam
"Urgent! Please call 09066612661 from your landline, your complimentary 4* Lux Costa Del Sol holiday or å£1000 CASH await collection. ppm 150 SAE T&Cs James 28, EH74RR",spam
"New Tones This week include: 1)McFly-All Ab.., 2) Sara Jorge-Shock.. 3) Will Smith-Switch.. To order follow instructions on next message",spam
Congratulations U can claim 2 VIP row A Tickets 2 C Blu in concert in November or Blu gift guaranteed Call 09061104276 to claim TS&Cs www.smsco.net costå£3.75max,spam
But if she.s drinkin i'm ok.,not_spam
"Bored of speed dating? Try SPEEDCHAT, txt SPEEDCHAT to 80155, if you don't like em txt SWAP and get a new chatter! Chat80155 POBox36504W45WQ 150p/msg rcd 16",spam
"URGENT! Your mobile No *********** WON a å£2,000 Bonus Caller Prize on 02/06/03! This is the 2nd attempt to reach YOU! Call 09066362220 ASAP! BOX97N7QP, 150ppm",spam
The office sent a reminder about health insurance enrollment.,not_spam
No. She's currently in scotland for that.,not_spam
u r a winner U ave been specially selected 2 receive å£1000 cash or a 4* holiday (flights inc) speak to a live operator 2 claim 0871277810710p/min (18 ),spam
Quite late lar... Ard 12 anyway i wun b drivin...,not_spam
"TheMob>Hit the link to get a premium Pink Panther game, the new no. 1 from Sugababes, a crazy Zebra animation or a badass Hoody wallpaper-all 4 FREE!",spam
There are limited seats left for tomorrow's workshop.,not_spam
Ill be at yours in about 3 mins but look out for me,not_spam
Want 2 get laid tonight? Want real Dogging locations sent direct 2 ur mob? Join the UK's largest Dogging Network bt Txting GRAVEL to 69888! Nt. ec2a. 31p.msg@150p,spam
URGENT: Claim your cash reward before midnight.,spam
Bring tat cd don forget,not_spam
At 7 we will go ok na.,not_spam
You have been randomly selected for a cash reward.,spam
"Claim a 200 shopping spree, just call 08717895698 now! Have you won! MobStoreQuiz10ppm",spam
Free gift waiting for you. Tap to reveal it.,spam
Im just wondering what your doing right now?,not_spam
December only! Had your mobile 11mths+? You are entitled to update to the latest colour camera mobile for Free! Call The Mobile Update Co FREE on 08002986906,spam
"Last Chance! Claim ur å£150 worth of discount vouchers today! Text SHOP to 85023 now! SavaMob, offers mobile! T Cs SavaMob POBOX84, M263UZ. å£3.00 Sub. 16",spam
As a Registered Subscriber yr draw 4 a å£100 gift voucher will b entered on receipt of a correct ans. When are the next olympics. Txt ans to 80062,spam
Immediate action needed regarding your bank account.,spam
"URGENT. Important information for 02 user. Today is your lucky day! 2 find out why , log onto http://www.urawinner.com there is a fantastic surprise awaiting you !",spam
"Thank You for calling.Forgot to say Happy Onam to you Sirji.I am fine here and remembered you when i met an insurance person.Meet You in Qatar Insha Allah.Rakhesh, ex Tata AIG who joined TISSCO,Tayseer.",not_spam
"Customer service announcement. We recently tried to make a delivery to you but were unable to do so, please call 07090298926 to re-schedule. Ref:9307622",spam
"URGENT! Your mobile No 07xxxxxxxxx won a å£2,000 bonus caller prize on 02/06/03! this is the 2nd attempt to reach YOU! call 09066362231 ASAP! BOX97N7QP, 150PPM",spam
A mysterious relative left you an inheritance. Contact us.,spam
"Thanks for your ringtone order, reference number X29. Your mobile will be charged 4.50. Should your tone not arrive please call customer services 09065989180",spam
I know you mood off today,not_spam
Do you want a New Nokia 3510i Colour Phone Delivered Tomorrow? With 200 FREE minutes to any mobile + 100 FREE text + FREE camcorder Reply or Call 8000930705,spam
Urgent Please call 09066612661 from landline. å£5000 cash or a luxury 4* Canary Islands Holiday await collection. T&Cs SAE award. 20M12AQ. 150ppm. 16+ ÛÏ,spam
Can you bring your notes to our meeting?,not_spam
S....s...india going to draw the series after many years in south african soil..,not_spam
Can come my room but cannot come my house cos my house still messy... Haha...,not_spam
"Spook up your mob with a Halloween collection of a logo & pic message plus a free eerie tone, txt CARD SPOOK to 8007 zed 08701417012150p per logo/pic",spam
Yup... How Ì_ noe leh...,not_spam
HMM yeah if your not too grooved out! And im looking forward to my pound special :),not_spam
Adult 18 Content Your video will be with you shortly,spam
"Beautiful Truth against Gravity.. Read carefully: \Our heart feels light when someone is in it.. But it feels very heavy when someone leaves it..\"" GOODMORNING""",not_spam
"K will do, addie &amp; I are doing some art so I'll be here when you get home",not_spam
Haha i think i did too,not_spam
The student store has a sale on notebooks.,not_spam
Dad says hurry the hell up,not_spam
Ringtone Club: Gr8 new polys direct to your mobile every week !,spam
U sleeping now.. Or you going to take? Haha.. I got spys wat.. Me online checking n replying mails lor..,not_spam
\HI BABE UAWAKE?FEELLIKW SHIT.JUSTFOUND OUT VIA ALETTER THATMUM GOTMARRIED 4thNOV.BEHIND OURBACKS åÐ FUCKINNICE!SELFISH,not_spam
You have a pending payment. Log in to receive it.,spam
"Thanks for your ringtone order, reference number X49. Your mobile will be charged 4.50. Should your tone not arrive please call customer services 09065989182. From: [colour=red]text[/colour]TXTstar",spam
Or just do that 6times,not_spam
How's it going? Got any exciting karaoke type activities planned? I'm debating whether to play football this eve. Feeling lazy though.,not_spam
You have won a Nokia 7250i. This is what you get when you win our FREE auction. To take part send Nokia to 86021 now. HG/Suite342/2Lands Row/W1JHL 16+,spam
Exclusive deal just for you: 90% off today only.,spam
Do you want a new Video handset? 750 any time any network mins? UNLIMITED TEXT? Camcorder? Reply or Call now 08000930705 for del Sat AM,spam
Good Luck! Draw takes place 28th Feb 06. Good Luck! For removal send STOP to 87239 customer services 08708034412,spam
I am trying to reach you about our study group.,not_spam
"Free msg. Sorry, a service you ordered from 81303 could not be delivered as you do not have sufficient credit. Please top up to receive the service.",spam
Don't forget to submit your timesheet today.,not_spam
2/2 146tf150p,spam
Our records indicate u maybe entitled to 5000 pounds in compensation for the Accident you had. To claim 4 free reply with CLAIM to this msg. 2 stop txt STOP,spam
"Dear Matthew please call 09063440451 from a landline, your complimentary 4*Lux Tenerife holiday or å£1000 CASH await collection. ppm150 SAE T&Cs Box334 SK38XH.",spam
FREE entry into our å£250 weekly comp just send the word WIN to 80086 NOW. 18 T&C www.txttowin.co.uk,spam
Ard 515 like dat. Y?,not_spam
How come it takes so little time for a child who is afraid of the dark to become a teenager who wants to stay out all night?,spam
Wife.how she knew the time of murder exactly,not_spam
The concert tickets are on sale through the university site.,not_spam
Hi Chachi tried calling u now unable to reach u .. Pl give me a missed cal once u c tiz msg  Kanagu,not_spam
Exclusive reward waiting: confirm your information to receive it.,spam
Thanks 4 your continued support Your question this week will enter u in2 our draw 4 å£100 cash. Name the NEW US President? txt ans to 80082,spam
Verify now or lose access to your account.,spam
"URGENT!! Your 4* Costa Del Sol Holiday or å£5000 await collection. Call 09050090044 Now toClaim. SAE, TC s, POBox334, Stockport, SK38xh, Costå£1.50/pm, Max10mins",spam
This message is free. Welcome to the new & improved Sex & Dogging club! To unsubscribe from this service reply STOP. msgs@150p 18+only,spam
wamma get laid?want real doggin locations sent direct to your mobile? join the UKs largest dogging network. txt dogs to 69696 now!nyt. ec2a. 3lp å£1.50/msg.,spam
"Think ur smart ? Win å£200 this week in our weekly quiz, text PLAY to 85222 now!T&Cs WinnersClub PO BOX 84, M26 3UZ. 16+. GBP1.50/week",spam
The team selected you to present our project.,not_spam
Sure! I am driving but will reach my destination soon.,not_spam
"Congratulations, you qualify for debt relief.",spam
"Jane babes not goin 2 wrk, feel ill after lst nite. Foned in already cover 4 me chuck.:-)",not_spam
Exclusive invitation: claim your membership today.,spam
Please claim your jacket from the lost and found.,not_spam
"Get 3 Lions England tone, reply lionm 4 mono or lionp 4 poly. 4 more go 2 www.ringtones.co.uk, the original n best. Tones 3GBP network operator rates apply.",spam
"Hi there, 2nights ur lucky night! Uve been invited 2 XCHAT, the Uks wildest chat! Txt CHAT to 86688 now! 150p/MsgrcvdHG/Suite342/2Lands/Row/W1J6HL LDN 18yrs",spam
Click the Google Drive link for the lecture notes.,not_spam